Variable,Importancia
Contract_Month-to-month,0.41366156936723725
TotalCharges,0.1167494715238367
MonthlyCharges,0.1085285234524825
tenure,0.10656494208366533
InternetService_Fiber optic,0.06831409181917146
PaymentMethod_Electronic check,0.03299438291648011
StreamingMovies,0.016535323135578192
Contract_Two year,0.015808288106439635
PaperlessBilling,0.01495953006385622
InternetService_No,0.014526865885493994
OnlineSecurity,0.013389782840073515
TechSupport,0.0093536629449142
gender,0.009271971158633192
PhoneService,0.008535466866782443
Contract_One year,0.00718070459510912
OnlineBackup,0.006137852117766662
MultipleLines,0.00603249195019233
Dependents,0.005915276391340804
SeniorCitizen,0.005046951924631262
InternetService_DSL,0.004518018308452535
StreamingTV,0.004434605494067966
PaymentMethod_Mailed check,0.002903286011344017
PaymentMethod_Credit card (automatic),0.0029028315021321707
PaymentMethod_Bank transfer (automatic),0.0028637391348019996
Partner,0.0017196318169184809
DeviceProtection,0.0011507385885979279
